모험,가족
모험,판타지
모험,뮤지컬
모험,멜로/로맨스
가족,판타지
가족,뮤지컬
가족,멜로/로맨스
판타지,뮤지컬
판타지,멜로/로맨스
뮤지컬,멜로/로맨스
애니메이션,모험
애니메이션,코미디
애니메이션,가족
애니메이션,판타지
모험,코미디
모험,가족
모험,판타지
코미디,가족
코미디,판타지
가족,판타지
액션,드라마
액션,코미디
액션,SF
코미디,SF
애니메이션,모험
애니메이션,가족
애니메이션,판타지
가족,판타지
액션,SF
코미디,드라마
액션,모험
액션,SF
모험,SF
드라마,판타지
드라마,판타지
애니메이션,가족
애니메이션,미스터리
가족,미스터리
애니메이션,코미디
드라마,미스터리
드라마,전쟁
범죄,액션
액션,모험
액션,SF
모험,SF
드라마,멜로/로맨스
드라마,멜로/로맨스
드라마,전쟁
드라마,뮤지컬
드라마,멜로/로맨스
뮤지컬,멜로/로맨스
드라마,멜로/로맨스
애니메이션,모험
애니메이션,코미디
모험,코미디
드라마,뮤지컬
드라마,SF
드라마,미스터리
드라마,판타지
SF,미스터리
SF,판타지
미스터리,판타지
공포,드라마
공포,스릴러
드라마,스릴러
코미디,액션
드라마,뮤지컬
액션,드라마
액션,전쟁
드라마,전쟁
드라마,멜로/로맨스
드라마,스릴러
드라마,미스터리
스릴러,미스터리
스릴러,드라마
코미디,드라마
드라마,미스터리
코미디,다큐멘터리
드라마,공포
드라마,스릴러
공포,스릴러
코미디,멜로/로맨스
멜로/로맨스,코미디
멜로/로맨스,뮤지컬
코미디,뮤지컬
모험,드라마
범죄,미스터리
범죄,드라마
범죄,스릴러
미스터리,드라마
미스터리,스릴러
드라마,스릴러
범죄,미스터리
범죄,스릴러
범죄,코미디
범죄,드라마
미스터리,스릴러
미스터리,코미디
미스터리,드라마
스릴러,코미디
스릴러,드라마
코미디,드라마
SF,액션
SF,드라마
액션,드라마
액션,드라마
범죄,드라마
범죄,멜로/로맨스
드라마,멜로/로맨스
드라마,코미디
범죄,스릴러
범죄,미스터리
스릴러,미스터리
코미디,드라마
코미디,멜로/로맨스
드라마,멜로/로맨스
가족,드라마
드라마,코미디
